{"cameraMode":{"drawMode":0,"name":"Shaded","section":"Shading Mode"},"sceneLighting":true,"audioPlay":false,"sceneViewState":{"showFog":true,"showMaterialUpdate":false,"showSkybox":true,"showFlares":true,"showImageEffects":true,"showParticleSystems":true},"in2DMode":false,"pivot":{"x":1.138764500617981,"y":3.6380717754364015,"z":-8.37794017791748},"rotation":{"x":-0.13812537491321565,"y":0.2387450486421585,"z":-0.034326471388339999,"w":-0.9606132507324219},"size":11.925186157226563,"orthographic":false}