{"cameraMode":{"drawMode":0,"name":"Shaded","section":"Shading Mode"},"sceneLighting":true,"audioPlay":false,"sceneViewState":{"showFog":true,"showMaterialUpdate":true,"showSkybox":true,"showFlares":true,"showImageEffects":true,"showParticleSystems":true},"in2DMode":false,"pivot":{"x":-0.5692415237426758,"y":2.5806870460510256,"z":-0.6526260375976563},"rotation":{"x":-0.03539791330695152,"y":0.9209997057914734,"z":-0.08618851006031037,"w":-0.37825748324394228},"size":10.0,"orthographic":false}